Title,Company Name,Company Link
newPython Developer,Pinnacle Group Workplace Solutions Provider,Link is not available
newSoftware Engineer,Disney Streaming,Link is not available
JUNIOR SOFTWARE DEVELOPER,Fundamental Interactions,Link is not available
Angular/Python Developer,Deloitte,https://www.indeed.com/cmp/Deloitte
Python Developer - Zinc Team,Bank of America,https://www.indeed.com/cmp/Bank-of-America
newFull Stack Developer,"Summit Health Management, LLC",Link is not available
Full Stack Developer,The Powerline Group,https://www.indeed.com/cmp/The-Powerline-Group
Associate Software Developer,NYISO,https://www.indeed.com/cmp/Nyiso
Software Engineering Co-Op,Blizzard Entertainment,https://www.indeed.com/cmp/Blizzard-Entertainment
newSenior Python Software Engineer,Morgan Stanley,https://www.indeed.com/cmp/Morgan-Stanley
newSoftware Developer for Chip Physical Design and Analysis Too...,IBM,https://www.indeed.com/cmp/IBM
Software Development Engineer (Python),"JPMorgan Chase Bank, N.A.",https://www.indeed.com/cmp/Chase-2
"UX Engineer, Front End",Google,https://www.indeed.com/cmp/Google
newSoftware Developer,IBM,https://www.indeed.com/cmp/IBM
Junior Programmer,Columbia University,https://www.indeed.com/cmp/Columbia-University
newC Software Developer for Authentication Engineering Squad,Morgan Stanley,https://www.indeed.com/cmp/Morgan-Stanley
Associate Software Developer,NYISO,https://www.indeed.com/cmp/Nyiso
Junior Programmer,Columbia University,https://www.indeed.com/cmp/Columbia-University
Computer Engineer,LOCKHEED MARTIN CORPORATION,https://www.indeed.com/cmp/Lockheed-Martin
"UX Engineer, Front End",Google,https://www.indeed.com/cmp/Google
Web Developer,Columbia University,https://www.indeed.com/cmp/Columbia-University
Fullstack Developer,The Recount,Link is not available
Software Developer,Architecture Technology Corporation (ATCorp),Link is not available
Sr Software Engineer,Disney Streaming,Link is not available
Python/Fullstack Developer,Veridic Solutions,https://www.indeed.com/cmp/Veridic-Solutions
"Music Operations Specialist, YouTube",YouTube,https://www.indeed.com/cmp/Youtube
Backend Software Development Engineer (All Levels) - Marketi...,Salesforce,https://www.indeed.com/cmp/Salesforce
newFront End Developer,"ClinicalMind, LLC",Link is not available
newDatabase/MES Developer Co-op,General Motors,https://www.indeed.com/cmp/General-Motors
Junior Front End / Full Stack Software Engineer,Plectica,Link is not available
newDatabase/MES Developer Co-op,General Motors,https://www.indeed.com/cmp/General-Motors
Junior Front End / Full Stack Software Engineer,Plectica,Link is not available
newFront End Developer,"ClinicalMind, LLC",Link is not available
newJunior Software Engineer,Xometry Inc,Link is not available
"Android Engineer, Developer Experience",Spotify,https://www.indeed.com/cmp/Spotify
JPC - 671 - VueJS Developer or Python Developer,Promantis Inc,Link is not available
Muse Developer,Barclays,https://www.indeed.com/cmp/Barclays
"newSoftware Engineer, University Grad | Ingénieur logiciel, dip...",Meta,https://www.indeed.com/cmp/Meta-dd1502f2
UI Developer,Virtu Financial,https://www.indeed.com/cmp/Virtu-Financial
newRPA Developer I,UiPath,https://www.indeed.com/cmp/Uipath
Java Developer,Morgan Stanley,https://www.indeed.com/cmp/Morgan-Stanley
newJunior Software Developer,Democracy Prep Public Schools,https://www.indeed.com/cmp/Democracy-Prep-Public-Schools
Software Engineer,Balyasny,https://www.indeed.com/cmp/Balyasny-Asset-Management
new.Net developer,Capgemini,https://www.indeed.com/cmp/Capgemini
SENIOR SOFTWARE DEVELOPER,TeamWorld,https://www.indeed.com/cmp/Teamworld-Corporate-Programs-1
OSTP Software Developer,Kitware,Link is not available
Software Developer,Columbia University,https://www.indeed.com/cmp/Columbia-University
Python (Django/Flask) Developer,Trood,Link is not available
newSoftware Engineer - Data Governance,The New York Times,https://www.indeed.com/cmp/The-New-York-Times
Software Engineer,Showtime,https://www.indeed.com/cmp/CBS-Showtime
Associate Software Engineer,Scholastic,https://www.indeed.com/cmp/Scholastic
Full Stack Engineer,Madison Square Garden Entertainment,https://www.indeed.com/cmp/The-Madison-Square-Garden-Company
"Software Engineer, TikTok User Growth",TikTok,https://www.indeed.com/cmp/Tiktok
new.Net / C# Developer,Société Générale,https://www.indeed.com/cmp/Soci%C3%A9t%C3%A9-G%C3%A9n%C3%A9rale-1
Software Engineer - Python,"Amplify Education, Inc.","https://www.indeed.com/cmp/Amplify-Education,-Inc."
Software Developer,Fitocracy,Link is not available
newSoftware Engineer,Actalent,https://www.indeed.com/cmp/Actalent
Systems Software Developer,BAE Systems,https://www.indeed.com/cmp/BAE-Systems-USA
Software Engineer - Backend,Ramp,Link is not available
Python / Perl Dev (Application Development),Morgan Stanley,https://www.indeed.com/cmp/Morgan-Stanley
OSTP Software Developer,Kitware,Link is not available
"Software Engineer, Fullstack",CB Insights,https://www.indeed.com/cmp/Cb-Insights
Quartz Core SDLC Developer,Bank of America,https://www.indeed.com/cmp/Bank-of-America
Front End Developer - Nationwide Opportunities,"Amazon Web Services, Inc.",https://www.indeed.com/cmp/Amazon.com
Senior Back End Developer (Python/GraphQL),LiveArt,Link is not available
Quantitative Developer – Associate Vice President,Citi,https://www.indeed.com/cmp/Citi
FullStack Software Development Engineer (Python or Java),"JPMorgan Chase Bank, N.A.",https://www.indeed.com/cmp/Chase-2
Quant Developer,Citi,https://www.indeed.com/cmp/Citi
Python Developer,ION,https://www.indeed.com/cmp/Ion
Software Developer,Fitocracy,Link is not available
"Software Engineer, TikTok User Growth",TikTok,https://www.indeed.com/cmp/Tiktok
Oracle Forms Developer,SGS,https://www.indeed.com/cmp/Sgs-1
Research Software Development Engineer,Microsoft,https://www.indeed.com/cmp/Microsoft
Python (Django/Flask) Developer,Trood,Link is not available
Software Engineer - Python,"Amplify Education, Inc.","https://www.indeed.com/cmp/Amplify-Education,-Inc."
